id,email,name,created,source_customer_id
cus_000001,customer000001@example.com,Customer 000001,2022-01-07,2022-01_Ads_Basic_00000
cus_000002,customer000002@example.com,Customer 000002,2022-01-25,2022-01_Ads_Basic_00001
cus_000003,customer000003@example.com,Customer 000003,2022-01-15,2022-01_Ads_Basic_00002
cus_000004,customer000004@example.com,Customer 000004,2022-01-13,2022-01_Ads_Basic_00003
cus_000005,customer000005@example.com,Customer 000005,2022-01-11,2022-01_Ads_Basic_00004
cus_000006,customer000006@example.com,Customer 000006,2022-01-23,2022-01_Ads_Basic_00005
cus_000007,customer000007@example.com,Customer 000007,2022-01-23,2022-01_Ads_Basic_00006
cus_000008,customer000008@example.com,Customer 000008,2022-01-18,2022-01_Ads_Basic_00007
cus_000009,customer000009@example.com,Customer 000009,2022-01-22,2022-01_Ads_Basic_00008
cus_000010,customer000010@example.com,Customer 000010,2022-01-12,2022-01_Ads_Basic_00009
cus_000011,customer000011@example.com,Customer 000011,2022-01-01,2022-01_Ads_Basic_00010
cus_000012,customer000012@example.com,Customer 000012,2022-01-20,2022-01_Ads_Basic_00011
cus_000013,customer000013@example.com,Customer 000013,2022-01-19,2022-01_Ads_Basic_00012
cus_000014,customer000014@example.com,Customer 000014,2022-01-01,2022-01_Ads_Basic_00013
cus_000015,customer000015@example.com,Customer 000015,2022-01-25,2022-01_Ads_Basic_00014
cus_000016,customer000016@example.com,Customer 000016,2022-01-27,2022-01_Ads_Basic_00015
cus_000017,customer000017@example.com,Customer 000017,2022-01-12,2022-01_Ads_Basic_00016
cus_000018,customer000018@example.com,Customer 000018,2022-01-23,2022-01_Ads_Basic_00017
cus_000019,customer000019@example.com,Customer 000019,2022-01-27,2022-01_Ads_Basic_00018
cus_000020,customer000020@example.com,Customer 000020,2022-01-04,2022-01_Ads_Basic_00019
cus_000021,customer000021@example.com,Customer 000021,2022-01-19,2022-01_Ads_Basic_00020
cus_000022,customer000022@example.com,Customer 000022,2022-01-05,2022-01_Ads_Basic_00021
cus_000023,customer000023@example.com,Customer 000023,2022-01-15,2022-01_Ads_Basic_00022
cus_000024,customer000024@example.com,Customer 000024,2022-01-06,2022-01_Ads_Enterprise_00000
cus_000025,customer000025@example.com,Customer 000025,2022-01-24,2022-01_Ads_Enterprise_00001
cus_000026,customer000026@example.com,Customer 000026,2022-01-13,2022-01_Ads_Enterprise_00002
cus_000027,customer000027@example.com,Customer 000027,2022-01-05,2022-01_Ads_Enterprise_00003
cus_000028,customer000028@example.com,Customer 000028,2022-01-04,2022-01_Ads_Pro_00000
cus_000029,customer000029@example.com,Customer 000029,2022-01-28,2022-01_Ads_Pro_00001
cus_000030,customer000030@example.com,Customer 000030,2022-01-13,2022-01_Ads_Pro_00002
cus_000031,customer000031@example.com,Customer 000031,2022-01-18,2022-01_Ads_Pro_00003
cus_000032,customer000032@example.com,Customer 000032,2022-01-27,2022-01_Ads_Pro_00004
cus_000033,customer000033@example.com,Customer 000033,2022-01-12,2022-01_Ads_Pro_00005
cus_000034,customer000034@example.com,Customer 000034,2022-01-23,2022-01_Ads_Pro_00006
cus_000035,customer000035@example.com,Customer 000035,2022-01-13,2022-01_Ads_Pro_00007
cus_000036,customer000036@example.com,Customer 000036,2022-01-05,2022-01_Ads_Pro_00008
cus_000037,customer000037@example.com,Customer 000037,2022-01-17,2022-01_Ads_Pro_00009
cus_000038,customer000038@example.com,Customer 000038,2022-01-01,2022-01_Ads_Pro_00010
cus_000039,customer000039@example.com,Customer 000039,2022-01-01,2022-01_Ads_Pro_00011
cus_000040,customer000040@example.com,Customer 000040,2022-01-05,2022-01_Ads_Pro_00012
cus_000041,customer000041@example.com,Customer 000041,2022-01-19,2022-01_Ads_Pro_00013
cus_000042,customer000042@example.com,Customer 000042,2022-01-19,2022-01_Organic_Basic_00000
cus_000043,customer000043@example.com,Customer 000043,2022-01-02,2022-01_Organic_Basic_00001
cus_000044,customer000044@example.com,Customer 000044,2022-01-22,2022-01_Organic_Basic_00002
cus_000045,customer000045@example.com,Customer 000045,2022-01-05,2022-01_Organic_Basic_00003
cus_000046,customer000046@example.com,Customer 000046,2022-01-24,2022-01_Organic_Basic_00004
cus_000047,customer000047@example.com,Customer 000047,2022-01-11,2022-01_Organic_Basic_00005
cus_000048,customer000048@example.com,Customer 000048,2022-01-01,2022-01_Organic_Basic_00006
cus_000049,customer000049@example.com,Customer 000049,2022-01-22,2022-01_Organic_Basic_00007
