cohort_month,channel,plan_tier,new_customers,segment_mix_share_percentage,cac_per_customer_dollars,total_acquisition_cost_dollars
2022-01,Ads,Basic,3,0.1156,48.79,146.37
2022-01,Ads,Pro,3,0.1122,49.31,147.93
2022-01,Ads,Enterprise,3,0.1122,50.46,151.38
2022-01,Organic,Basic,3,0.1122,49.14,147.42
2022-01,Organic,Pro,3,0.1089,50.42,151.26
2022-01,Organic,Enterprise,3,0.1089,51.3,153.9
2022-01,Referral,Basic,3,0.1122,50.5,151.5
2022-01,Referral,Pro,3,0.1089,50.67,152.01
2022-01,Referral,Enterprise,3,0.1089,51.42,154.26
2022-02,Ads,Basic,4,0.1156,51.09,204.36
2022-02,Ads,Pro,3,0.1122,49.74,149.22
2022-02,Ads,Enterprise,3,0.1122,49.08,147.24
2022-02,Organic,Basic,3,0.1122,51.16,153.48
2022-02,Organic,Pro,3,0.1089,49.33,147.99
2022-02,Organic,Enterprise,3,0.1089,49.71,149.13
2022-02,Referral,Basic,3,0.1122,49.4,148.2
2022-02,Referral,Pro,3,0.1089,49.88,149.64
2022-02,Referral,Enterprise,3,0.1089,50.94,152.82
2022-03,Ads,Basic,4,0.1156,49.93,199.72
2022-03,Ads,Pro,3,0.1122,51.21,153.63
2022-03,Ads,Enterprise,3,0.1122,50.18,150.54
2022-03,Organic,Basic,3,0.1122,49.87,149.61
2022-03,Organic,Pro,3,0.1089,50.64,151.92
2022-03,Organic,Enterprise,3,0.1089,48.84,146.52
2022-03,Referral,Basic,3,0.1122,51.14,153.42
2022-03,Referral,Pro,3,0.1089,50.61,151.83
2022-03,Referral,Enterprise,3,0.1089,51.38,154.14
2022-04,Ads,Basic,3,0.1156,49.12,147.36
2022-04,Ads,Pro,3,0.1122,48.69,146.07
2022-04,Ads,Enterprise,3,0.1122,49.51,148.53
2022-04,Organic,Basic,3,0.1122,48.59,145.77
2022-04,Organic,Pro,3,0.1089,50.12,150.36
2022-04,Organic,Enterprise,3,0.1089,48.84,146.52
2022-04,Referral,Basic,3,0.1122,49.94,149.82
2022-04,Referral,Pro,3,0.1089,48.59,145.77
2022-04,Referral,Enterprise,3,0.1089,50.37,151.11
2022-05,Ads,Basic,3,0.1156,50.07,150.21
2022-05,Ads,Pro,3,0.1122,50.47,151.41
2022-05,Ads,Enterprise,3,0.1122,50.59,151.77
2022-05,Organic,Basic,3,0.1122,51.15,153.45
2022-05,Organic,Pro,3,0.1089,50.96,152.88
2022-05,Organic,Enterprise,3,0.1089,51.25,153.75
2022-05,Referral,Basic,3,0.1122,49.79,149.37
2022-05,Referral,Pro,3,0.1089,50.63,151.89
2022-05,Referral,Enterprise,3,0.1089,49.62,148.86
2022-06,Ads,Basic,4,0.1156,50.77,203.08
2022-06,Ads,Pro,3,0.1122,48.57,145.71
2022-06,Ads,Enterprise,3,0.1122,50.1,150.3
2022-06,Organic,Basic,3,0.1122,49.38,148.14
2022-06,Organic,Pro,3,0.1089,49.15,147.45
2022-06,Organic,Enterprise,3,0.1089,51.0,153.0
2022-06,Referral,Basic,3,0.1122,49.95,149.85
2022-06,Referral,Pro,3,0.1089,48.88,146.64
2022-06,Referral,Enterprise,3,0.1089,49.17,147.51
2022-07,Ads,Basic,3,0.1156,50.83,152.49
2022-07,Ads,Pro,3,0.1122,51.48,154.44
2022-07,Ads,Enterprise,3,0.1122,50.13,150.39
2022-07,Organic,Basic,3,0.1122,51.06,153.18
2022-07,Organic,Pro,3,0.1089,51.06,153.18
2022-07,Organic,Enterprise,3,0.1089,51.27,153.81
2022-07,Referral,Basic,3,0.1122,51.49,154.47
2022-07,Referral,Pro,3,0.1089,50.21,150.63
2022-07,Referral,Enterprise,3,0.1089,49.17,147.51
2022-08,Ads,Basic,4,0.1156,49.49,197.96
2022-08,Ads,Pro,3,0.1122,51.05,153.15
2022-08,Ads,Enterprise,3,0.1122,50.18,150.54
2022-08,Organic,Basic,3,0.1122,49.94,149.82
2022-08,Organic,Pro,3,0.1089,50.02,150.06
2022-08,Organic,Enterprise,3,0.1089,50.95,152.85
2022-08,Referral,Basic,3,0.1122,49.05,147.15
2022-08,Referral,Pro,3,0.1089,50.47,151.41
2022-08,Referral,Enterprise,3,0.1089,48.98,146.94
2022-09,Ads,Basic,4,0.1156,49.95,199.8
2022-09,Ads,Pro,3,0.1122,51.04,153.12
2022-09,Ads,Enterprise,3,0.1122,50.75,152.25
2022-09,Organic,Basic,3,0.1122,50.49,151.47
2022-09,Organic,Pro,3,0.1089,49.05,147.15
2022-09,Organic,Enterprise,3,0.1089,50.26,150.78
2022-09,Referral,Basic,3,0.1122,50.61,151.83
2022-09,Referral,Pro,3,0.1089,51.14,153.42
2022-09,Referral,Enterprise,3,0.1089,48.59,145.77
2022-10,Ads,Basic,3,0.1156,49.01,147.03
2022-10,Ads,Pro,3,0.1122,48.71,146.13
2022-10,Ads,Enterprise,3,0.1122,49.31,147.93
2022-10,Organic,Basic,3,0.1122,49.47,148.41
2022-10,Organic,Pro,3,0.1089,49.8,149.4
2022-10,Organic,Enterprise,3,0.1089,50.15,150.45
2022-10,Referral,Basic,3,0.1122,49.41,148.23
2022-10,Referral,Pro,3,0.1089,48.89,146.67
2022-10,Referral,Enterprise,3,0.1089,50.04,150.12
2022-11,Ads,Basic,3,0.1156,51.41,154.23
2022-11,Ads,Pro,3,0.1122,49.4,148.2
2022-11,Ads,Enterprise,3,0.1122,48.7,146.1
2022-11,Organic,Basic,3,0.1122,50.44,151.32
2022-11,Organic,Pro,3,0.1089,48.72,146.16
2022-11,Organic,Enterprise,3,0.1089,49.58,148.74
2022-11,Referral,Basic,3,0.1122,49.48,148.44
2022-11,Referral,Pro,3,0.1089,51.47,154.41
2022-11,Referral,Enterprise,3,0.1089,49.72,149.16
2022-12,Ads,Basic,3,0.1156,48.63,145.89
2022-12,Ads,Pro,3,0.1122,49.29,147.87
2022-12,Ads,Enterprise,3,0.1122,49.78,149.34
2022-12,Organic,Basic,3,0.1122,51.49,154.47
2022-12,Organic,Pro,3,0.1089,51.32,153.96
2022-12,Organic,Enterprise,3,0.1089,50.92,152.76
2022-12,Referral,Basic,3,0.1122,50.65,151.95
2022-12,Referral,Pro,3,0.1089,50.3,150.9
2022-12,Referral,Enterprise,3,0.1089,49.27,147.81
2023-01,Ads,Basic,3,0.1156,51.25,153.75
2023-01,Ads,Pro,3,0.1122,49.34,148.02
2023-01,Ads,Enterprise,3,0.1122,49.32,147.96
2023-01,Organic,Basic,3,0.1122,50.68,152.04
2023-01,Organic,Pro,3,0.1089,49.98,149.94
2023-01,Organic,Enterprise,3,0.1089,48.69,146.07
2023-01,Referral,Basic,3,0.1122,49.86,149.58
2023-01,Referral,Pro,3,0.1089,50.64,151.92
2023-01,Referral,Enterprise,3,0.1089,48.53,145.59
2023-02,Ads,Basic,3,0.1156,50.37,151.11
2023-02,Ads,Pro,3,0.1122,50.85,152.55
2023-02,Ads,Enterprise,3,0.1122,48.64,145.92
2023-02,Organic,Basic,3,0.1122,51.27,153.81
2023-02,Organic,Pro,3,0.1089,49.97,149.91
2023-02,Organic,Enterprise,3,0.1089,49.04,147.12
2023-02,Referral,Basic,3,0.1122,48.65,145.95
2023-02,Referral,Pro,3,0.1089,48.59,145.77
2023-02,Referral,Enterprise,3,0.1089,51.46,154.38
2023-03,Ads,Basic,3,0.1156,49.62,148.86
2023-03,Ads,Pro,3,0.1122,50.78,152.34
2023-03,Ads,Enterprise,3,0.1122,51.27,153.81
2023-03,Organic,Basic,3,0.1122,49.4,148.2
2023-03,Organic,Pro,3,0.1089,49.58,148.74
2023-03,Organic,Enterprise,3,0.1089,49.61,148.83
2023-03,Referral,Basic,3,0.1122,49.66,148.98
2023-03,Referral,Pro,3,0.1089,51.4,154.2
2023-03,Referral,Enterprise,3,0.1089,50.54,151.62
2023-04,Ads,Basic,3,0.1156,50.41,151.23
2023-04,Ads,Pro,3,0.1122,50.78,152.34
2023-04,Ads,Enterprise,3,0.1122,50.72,152.16
2023-04,Organic,Basic,3,0.1122,50.1,150.3
2023-04,Organic,Pro,3,0.1089,49.34,148.02
2023-04,Organic,Enterprise,3,0.1089,49.19,147.57
2023-04,Referral,Basic,3,0.1122,49.59,148.77
2023-04,Referral,Pro,3,0.1089,50.0,150.0
2023-04,Referral,Enterprise,3,0.1089,49.7,149.1
2023-05,Ads,Basic,4,0.1156,49.2,196.8
2023-05,Ads,Pro,3,0.1122,51.5,154.5
2023-05,Ads,Enterprise,3,0.1122,51.46,154.38
2023-05,Organic,Basic,3,0.1122,48.62,145.86
2023-05,Organic,Pro,3,0.1089,49.17,147.51
2023-05,Organic,Enterprise,3,0.1089,49.85,149.55
2023-05,Referral,Basic,3,0.1122,50.25,150.75
2023-05,Referral,Pro,3,0.1089,51.18,153.54
2023-05,Referral,Enterprise,3,0.1089,48.67,146.01
2023-06,Ads,Basic,4,0.1156,49.19,196.76
2023-06,Ads,Pro,3,0.1122,49.64,148.92
2023-06,Ads,Enterprise,3,0.1122,50.19,150.57
2023-06,Organic,Basic,3,0.1122,50.95,152.85
2023-06,Organic,Pro,3,0.1089,49.45,148.35
2023-06,Organic,Enterprise,3,0.1089,49.15,147.45
2023-06,Referral,Basic,3,0.1122,48.81,146.43
2023-06,Referral,Pro,3,0.1089,50.69,152.07
2023-06,Referral,Enterprise,3,0.1089,51.3,153.9
2023-07,Ads,Basic,3,0.1156,50.39,151.17
2023-07,Ads,Pro,3,0.1122,49.72,149.16
2023-07,Ads,Enterprise,3,0.1122,48.59,145.77
2023-07,Organic,Basic,3,0.1122,50.83,152.49
2023-07,Organic,Pro,3,0.1089,50.7,152.1
2023-07,Organic,Enterprise,3,0.1089,48.92,146.76
2023-07,Referral,Basic,3,0.1122,50.02,150.06
2023-07,Referral,Pro,3,0.1089,49.76,149.28
2023-07,Referral,Enterprise,3,0.1089,50.08,150.24
2023-08,Ads,Basic,4,0.1156,50.85,203.4
2023-08,Ads,Pro,3,0.1122,51.31,153.93
2023-08,Ads,Enterprise,3,0.1122,50.89,152.67
2023-08,Organic,Basic,3,0.1122,50.67,152.01
2023-08,Organic,Pro,3,0.1089,50.4,151.2
2023-08,Organic,Enterprise,3,0.1089,49.8,149.4
2023-08,Referral,Basic,3,0.1122,49.28,147.84
2023-08,Referral,Pro,3,0.1089,50.78,152.34
2023-08,Referral,Enterprise,3,0.1089,51.16,153.48
2023-09,Ads,Basic,3,0.1156,50.12,150.36
2023-09,Ads,Pro,3,0.1122,50.09,150.27
2023-09,Ads,Enterprise,3,0.1122,51.39,154.17
2023-09,Organic,Basic,3,0.1122,49.94,149.82
2023-09,Organic,Pro,3,0.1089,49.81,149.43
2023-09,Organic,Enterprise,3,0.1089,49.65,148.95
2023-09,Referral,Basic,3,0.1122,48.73,146.19
2023-09,Referral,Pro,3,0.1089,50.56,151.68
2023-09,Referral,Enterprise,3,0.1089,49.12,147.36
2023-10,Ads,Basic,3,0.1156,49.8,149.4
2023-10,Ads,Pro,3,0.1122,51.01,153.03
2023-10,Ads,Enterprise,3,0.1122,48.77,146.31
2023-10,Organic,Basic,3,0.1122,49.98,149.94
2023-10,Organic,Pro,3,0.1089,49.32,147.96
2023-10,Organic,Enterprise,3,0.1089,51.05,153.15
2023-10,Referral,Basic,3,0.1122,49.26,147.78
2023-10,Referral,Pro,3,0.1089,51.11,153.33
2023-10,Referral,Enterprise,3,0.1089,48.67,146.01
2023-11,Ads,Basic,3,0.1156,50.17,150.51
2023-11,Ads,Pro,3,0.1122,51.25,153.75
2023-11,Ads,Enterprise,3,0.1122,50.66,151.98
2023-11,Organic,Basic,3,0.1122,51.42,154.26
2023-11,Organic,Pro,3,0.1089,49.04,147.12
2023-11,Organic,Enterprise,3,0.1089,49.07,147.21
2023-11,Referral,Basic,3,0.1122,49.66,148.98
2023-11,Referral,Pro,3,0.1089,50.51,151.53
2023-11,Referral,Enterprise,3,0.1089,51.34,154.02
2023-12,Ads,Basic,3,0.1156,50.59,151.77
2023-12,Ads,Pro,3,0.1122,50.91,152.73
2023-12,Ads,Enterprise,3,0.1122,50.28,150.84
2023-12,Organic,Basic,3,0.1122,51.35,154.05
2023-12,Organic,Pro,3,0.1089,49.02,147.06
2023-12,Organic,Enterprise,3,0.1089,49.45,148.35
2023-12,Referral,Basic,3,0.1122,49.12,147.36
2023-12,Referral,Pro,3,0.1089,49.38,148.14
2023-12,Referral,Enterprise,3,0.1089,50.06,150.18
2024-01,Ads,Basic,3,0.1156,50.1,150.3
2024-01,Ads,Pro,3,0.1122,51.49,154.47
2024-01,Ads,Enterprise,3,0.1122,49.98,149.94
2024-01,Organic,Basic,3,0.1122,48.76,146.28
2024-01,Organic,Pro,3,0.1089,49.92,149.76
2024-01,Organic,Enterprise,3,0.1089,50.89,152.67
2024-01,Referral,Basic,3,0.1122,50.82,152.46
2024-01,Referral,Pro,3,0.1089,48.76,146.28
2024-01,Referral,Enterprise,3,0.1089,48.59,145.77
2024-02,Ads,Basic,3,0.1156,48.79,146.37
2024-02,Ads,Pro,3,0.1122,50.93,152.79
2024-02,Ads,Enterprise,3,0.1122,49.03,147.09
2024-02,Organic,Basic,3,0.1122,48.55,145.65
2024-02,Organic,Pro,3,0.1089,49.22,147.66
2024-02,Organic,Enterprise,3,0.1089,51.28,153.84
2024-02,Referral,Basic,3,0.1122,49.1,147.3
2024-02,Referral,Pro,3,0.1089,50.44,151.32
2024-02,Referral,Enterprise,3,0.1089,51.37,154.11
2024-03,Ads,Basic,3,0.1156,50.12,150.36
2024-03,Ads,Pro,3,0.1122,49.46,148.38
2024-03,Ads,Enterprise,3,0.1122,51.03,153.09
2024-03,Organic,Basic,3,0.1122,49.63,148.89
2024-03,Organic,Pro,3,0.1089,50.25,150.75
2024-03,Organic,Enterprise,3,0.1089,50.23,150.69
2024-03,Referral,Basic,3,0.1122,51.37,154.11
2024-03,Referral,Pro,3,0.1089,51.32,153.96
2024-03,Referral,Enterprise,3,0.1089,49.31,147.93
2024-04,Ads,Basic,4,0.1156,48.94,195.76
2024-04,Ads,Pro,3,0.1122,51.02,153.06
2024-04,Ads,Enterprise,3,0.1122,48.8,146.4
2024-04,Organic,Basic,3,0.1122,48.89,146.67
2024-04,Organic,Pro,3,0.1089,48.62,145.86
2024-04,Organic,Enterprise,3,0.1089,51.4,154.2
2024-04,Referral,Basic,3,0.1122,51.16,153.48
2024-04,Referral,Pro,3,0.1089,48.7,146.1
2024-04,Referral,Enterprise,3,0.1089,49.25,147.75
2024-05,Ads,Basic,3,0.1156,49.8,149.4
2024-05,Ads,Pro,3,0.1122,51.02,153.06
2024-05,Ads,Enterprise,3,0.1122,51.04,153.12
2024-05,Organic,Basic,3,0.1122,49.42,148.26
2024-05,Organic,Pro,3,0.1089,49.71,149.13
2024-05,Organic,Enterprise,3,0.1089,49.92,149.76
2024-05,Referral,Basic,3,0.1122,48.76,146.28
2024-05,Referral,Pro,3,0.1089,51.21,153.63
2024-05,Referral,Enterprise,3,0.1089,49.13,147.39
2024-06,Ads,Basic,3,0.1156,49.57,148.71
2024-06,Ads,Pro,3,0.1122,49.35,148.05
2024-06,Ads,Enterprise,3,0.1122,50.97,152.91
2024-06,Organic,Basic,3,0.1122,50.0,150.0
2024-06,Organic,Pro,3,0.1089,51.27,153.81
2024-06,Organic,Enterprise,3,0.1089,49.15,147.45
2024-06,Referral,Basic,3,0.1122,48.74,146.22
2024-06,Referral,Pro,3,0.1089,50.52,151.56
2024-06,Referral,Enterprise,3,0.1089,51.46,154.38
2024-07,Ads,Basic,3,0.1156,50.03,150.09
2024-07,Ads,Pro,3,0.1122,50.99,152.97
2024-07,Ads,Enterprise,3,0.1122,50.48,151.44
2024-07,Organic,Basic,3,0.1122,48.5,145.5
2024-07,Organic,Pro,3,0.1089,50.23,150.69
2024-07,Organic,Enterprise,3,0.1089,49.79,149.37
2024-07,Referral,Basic,3,0.1122,49.96,149.88
2024-07,Referral,Pro,3,0.1089,48.88,146.64
2024-07,Referral,Enterprise,3,0.1089,48.66,145.98
2024-08,Ads,Basic,3,0.1156,49.62,148.86
2024-08,Ads,Pro,3,0.1122,48.68,146.04
2024-08,Ads,Enterprise,3,0.1122,48.59,145.77
2024-08,Organic,Basic,3,0.1122,49.88,149.64
2024-08,Organic,Pro,3,0.1089,49.2,147.6
2024-08,Organic,Enterprise,3,0.1089,48.92,146.76
2024-08,Referral,Basic,3,0.1122,51.2,153.6
2024-08,Referral,Pro,3,0.1089,48.63,145.89
2024-08,Referral,Enterprise,3,0.1089,50.12,150.36
2024-09,Ads,Basic,3,0.1156,50.36,151.08
2024-09,Ads,Pro,3,0.1122,48.83,146.49
2024-09,Ads,Enterprise,3,0.1122,49.77,149.31
2024-09,Organic,Basic,3,0.1122,50.46,151.38
2024-09,Organic,Pro,3,0.1089,50.12,150.36
2024-09,Organic,Enterprise,3,0.1089,49.29,147.87
2024-09,Referral,Basic,3,0.1122,48.86,146.58
2024-09,Referral,Pro,3,0.1089,50.9,152.7
2024-09,Referral,Enterprise,3,0.1089,51.1,153.3
2024-10,Ads,Basic,3,0.1156,49.39,148.17
2024-10,Ads,Pro,3,0.1122,48.56,145.68
2024-10,Ads,Enterprise,3,0.1122,49.38,148.14
2024-10,Organic,Basic,3,0.1122,49.56,148.68
2024-10,Organic,Pro,3,0.1089,51.41,154.23
2024-10,Organic,Enterprise,3,0.1089,49.03,147.09
2024-10,Referral,Basic,3,0.1122,49.9,149.7
2024-10,Referral,Pro,3,0.1089,48.67,146.01
2024-10,Referral,Enterprise,3,0.1089,49.29,147.87
2024-11,Ads,Basic,4,0.1156,50.05,200.2
2024-11,Ads,Pro,3,0.1122,50.96,152.88
2024-11,Ads,Enterprise,3,0.1122,50.99,152.97
2024-11,Organic,Basic,3,0.1122,51.49,154.47
2024-11,Organic,Pro,3,0.1089,48.84,146.52
2024-11,Organic,Enterprise,3,0.1089,49.33,147.99
2024-11,Referral,Basic,3,0.1122,51.08,153.24
2024-11,Referral,Pro,3,0.1089,48.86,146.58
2024-11,Referral,Enterprise,3,0.1089,49.57,148.71
2024-12,Ads,Basic,3,0.1156,51.35,154.05
2024-12,Ads,Pro,3,0.1122,51.42,154.26
2024-12,Ads,Enterprise,3,0.1122,48.63,145.89
2024-12,Organic,Basic,3,0.1122,50.75,152.25
2024-12,Organic,Pro,3,0.1089,50.56,151.68
2024-12,Organic,Enterprise,3,0.1089,51.13,153.39
2024-12,Referral,Basic,3,0.1122,49.14,147.42
2024-12,Referral,Pro,3,0.1089,48.63,145.89
2024-12,Referral,Enterprise,3,0.1089,50.86,152.58
