campaign_name,ad_set_id,placement,customer_id,impressions,clicks,spend_usd,conversion_date
fb_retargeting_2022-01,lookalike_1pct,instagram_feed,2022-01_Ads_Basic_00001,857,42,97.15,2022-01-23
fb_retargeting_2022-01,lookalike_1pct,instagram_feed,2022-01_Ads_Basic_00002,1204,59,97.15,2022-01-06
fb_retargeting_2022-01,lookalike_1pct,facebook_stories,2022-01_Ads_Basic_00007,816,40,97.15,2022-01-05
fb_retargeting_2022-01,lookalike_1pct,facebook_stories,2022-01_Ads_Basic_00008,1102,54,97.15,2022-01-04
fb_retargeting_2022-01,lookalike_1pct,instagram_feed,2022-01_Ads_Basic_00009,857,42,97.15,2022-01-25
fb_retargeting_2022-01,broad_b2b_tech,instagram_feed,2022-01_Ads_Basic_00011,2678,75,97.15,2022-01-27
fb_retargeting_2022-01,broad_b2b_tech,instagram_feed,2022-01_Ads_Basic_00012,1749,49,97.15,2022-01-27
fb_retargeting_2022-01,lookalike_1pct,instagram_feed,2022-01_Ads_Basic_00020,897,44,97.15,2022-01-21
fb_retargeting_2022-01,broad_b2b_tech,instagram_feed,2022-01_Ads_Enterprise_00002,1964,55,3087.68,2022-01-14
fb_retargeting_2022-01,broad_b2b_tech,instagram_feed,2022-01_Ads_Pro_00003,1928,54,301.09,2022-01-04
fb_retargeting_2022-01,lookalike_1pct,instagram_feed,2022-01_Ads_Pro_00006,1102,54,301.09,2022-01-04
fb_retargeting_2022-01,lookalike_1pct,instagram_feed,2022-01_Ads_Pro_00007,1102,54,301.09,2022-01-06
fb_retargeting_2022-01,lookalike_1pct,instagram_feed,2022-01_Ads_Pro_00008,1000,49,301.09,2022-01-25
fb_retargeting_2022-01,lookalike_1pct,instagram_feed,2022-01_Ads_Pro_00011,1000,49,301.09,2022-01-06
fb_retargeting_2022-02,lookalike_1pct,facebook_stories,2022-02_Ads_Basic_00002,1040,51,99.31,2022-02-18
fb_retargeting_2022-02,lookalike_1pct,instagram_feed,2022-02_Ads_Basic_00004,755,37,99.31,2022-02-04
fb_retargeting_2022-02,broad_b2b_tech,instagram_feed,2022-02_Ads_Basic_00009,1535,43,99.31,2022-02-09
fb_retargeting_2022-02,lookalike_1pct,facebook_stories,2022-02_Ads_Basic_00010,979,48,99.31,2022-02-13
fb_retargeting_2022-02,broad_b2b_tech,instagram_feed,2022-02_Ads_Basic_00011,1642,46,99.31,2022-02-18
fb_retargeting_2022-02,broad_b2b_tech,instagram_feed,2022-02_Ads_Basic_00012,1392,39,99.31,2022-02-02
fb_retargeting_2022-02,lookalike_1pct,facebook_stories,2022-02_Ads_Basic_00014,938,46,99.31,2022-02-06
fb_retargeting_2022-02,lookalike_1pct,facebook_stories,2022-02_Ads_Basic_00021,877,43,99.31,2022-02-27
fb_retargeting_2022-02,lookalike_1pct,facebook_stories,2022-02_Ads_Enterprise_00003,877,43,3038.0,2022-02-19
fb_retargeting_2022-02,lookalike_1pct,facebook_stories,2022-02_Ads_Pro_00001,1122,55,302.99,2022-02-07
fb_retargeting_2022-02,lookalike_1pct,facebook_stories,2022-02_Ads_Pro_00002,1061,52,302.99,2022-02-28
fb_retargeting_2022-02,lookalike_1pct,instagram_feed,2022-02_Ads_Pro_00005,897,44,302.99,2022-02-06
fb_retargeting_2022-02,lookalike_1pct,facebook_stories,2022-02_Ads_Pro_00006,938,46,302.99,2022-02-06
fb_retargeting_2022-02,lookalike_1pct,instagram_feed,2022-02_Ads_Pro_00007,877,43,302.99,2022-02-19
fb_retargeting_2022-02,broad_b2b_tech,instagram_feed,2022-02_Ads_Pro_00008,1642,46,302.99,2022-02-01
fb_retargeting_2022-02,lookalike_1pct,instagram_feed,2022-02_Ads_Pro_00012,1020,50,302.99,2022-02-09
fb_retargeting_2022-02,broad_b2b_tech,instagram_feed,2022-02_Ads_Pro_00013,1999,56,302.99,2022-02-22
fb_retargeting_2022-03,lookalike_1pct,instagram_feed,2022-03_Ads_Basic_00003,1224,60,101.75,2022-03-09
fb_retargeting_2022-03,broad_b2b_tech,instagram_feed,2022-03_Ads_Basic_00004,1428,40,101.75,2022-03-27
fb_retargeting_2022-03,lookalike_1pct,facebook_stories,2022-03_Ads_Basic_00005,1081,53,101.75,2022-03-02
fb_retargeting_2022-03,lookalike_1pct,facebook_stories,2022-03_Ads_Basic_00008,1020,50,101.75,2022-03-18
fb_retargeting_2022-03,lookalike_1pct,facebook_stories,2022-03_Ads_Basic_00009,1163,57,101.75,2022-03-28
fb_retargeting_2022-03,broad_b2b_tech,facebook_stories,2022-03_Ads_Basic_00011,2071,58,101.75,2022-03-15
fb_retargeting_2022-03,lookalike_1pct,instagram_feed,2022-03_Ads_Basic_00018,1040,51,101.75,2022-03-29
fb_retargeting_2022-03,lookalike_1pct,instagram_feed,2022-03_Ads_Basic_00021,897,44,101.75,2022-03-30
fb_retargeting_2022-03,lookalike_1pct,instagram_feed,2022-03_Ads_Basic_00024,816,40,101.75,2022-03-26
fb_retargeting_2022-03,lookalike_1pct,instagram_feed,2022-03_Ads_Enterprise_00004,1081,53,3016.27,2022-03-13
fb_retargeting_2022-03,lookalike_1pct,instagram_feed,2022-03_Ads_Pro_00000,1346,66,308.72,2022-03-15
fb_retargeting_2022-03,broad_b2b_tech,instagram_feed,2022-03_Ads_Pro_00001,2035,57,308.72,2022-03-29
fb_retargeting_2022-03,lookalike_1pct,instagram_feed,2022-03_Ads_Pro_00002,897,44,308.72,2022-03-22
fb_retargeting_2022-03,lookalike_1pct,instagram_feed,2022-03_Ads_Pro_00003,1040,51,308.72,2022-03-31
fb_retargeting_2022-03,lookalike_1pct,instagram_feed,2022-03_Ads_Pro_00005,1040,51,308.72,2022-03-10
fb_retargeting_2022-03,lookalike_1pct,instagram_feed,2022-03_Ads_Pro_00007,1183,58,308.72,2022-03-07
fb_retargeting_2022-03,lookalike_1pct,instagram_feed,2022-03_Ads_Pro_00008,755,37,308.72,2022-03-06
fb_retargeting_2022-03,broad_b2b_tech,facebook_stories,2022-03_Ads_Pro_00013,1749,49,308.72,2022-03-27
fb_retargeting_2022-03,lookalike_1pct,instagram_feed,2022-03_Ads_Pro_00014,1244,61,308.72,2022-03-06
fb_retargeting_2022-04,lookalike_1pct,facebook_stories,2022-04_Ads_Basic_00005,877,43,102.45,2022-04-30
fb_retargeting_2022-04,broad_b2b_tech,facebook_stories,2022-04_Ads_Basic_00008,1821,51,102.45,2022-04-13
fb_retargeting_2022-04,lookalike_1pct,instagram_feed,2022-04_Ads_Basic_00010,1163,57,102.45,2022-04-08
fb_retargeting_2022-04,broad_b2b_tech,instagram_feed,2022-04_Ads_Basic_00011,1678,47,102.45,2022-04-28
fb_retargeting_2022-04,broad_b2b_tech,facebook_stories,2022-04_Ads_Basic_00017,1607,45,102.45,2022-04-06
fb_retargeting_2022-04,lookalike_1pct,instagram_feed,2022-04_Ads_Basic_00021,1061,52,102.45,2022-04-09
fb_retargeting_2022-04,lookalike_1pct,instagram_feed,2022-04_Ads_Basic_00025,1061,52,102.45,2022-04-14
fb_retargeting_2022-04,lookalike_1pct,instagram_feed,2022-04_Ads_Enterprise_00001,877,43,3035.39,2022-04-30
fb_retargeting_2022-04,lookalike_1pct,facebook_stories,2022-04_Ads_Enterprise_00002,1000,49,3035.39,2022-04-01
fb_retargeting_2022-04,lookalike_1pct,instagram_feed,2022-04_Ads_Enterprise_00004,979,48,3035.39,2022-04-08
fb_retargeting_2022-04,lookalike_1pct,instagram_feed,2022-04_Ads_Pro_00001,897,44,306.22,2022-04-02
fb_retargeting_2022-04,broad_b2b_tech,instagram_feed,2022-04_Ads_Pro_00002,1749,49,306.22,2022-04-25
fb_retargeting_2022-04,lookalike_1pct,facebook_stories,2022-04_Ads_Pro_00005,938,46,306.22,2022-04-09
fb_retargeting_2022-04,lookalike_1pct,instagram_feed,2022-04_Ads_Pro_00010,918,45,306.22,2022-04-06
fb_retargeting_2022-04,lookalike_1pct,instagram_feed,2022-04_Ads_Pro_00014,1040,51,306.22,2022-04-20
fb_retargeting_2022-04,lookalike_1pct,instagram_feed,2022-04_Ads_Pro_00016,795,39,306.22,2022-04-27
fb_retargeting_2022-05,broad_b2b_tech,instagram_feed,2022-05_Ads_Basic_00001,1785,50,101.32,2022-05-11
fb_retargeting_2022-05,lookalike_1pct,facebook_stories,2022-05_Ads_Basic_00005,1020,50,101.32,2022-05-23
fb_retargeting_2022-05,lookalike_1pct,instagram_feed,2022-05_Ads_Basic_00006,693,34,101.32,2022-05-08
fb_retargeting_2022-05,lookalike_1pct,instagram_feed,2022-05_Ads_Basic_00008,1061,52,101.32,2022-05-08
fb_retargeting_2022-05,lookalike_1pct,facebook_stories,2022-05_Ads_Basic_00009,918,45,101.32,2022-05-15
fb_retargeting_2022-05,lookalike_1pct,facebook_stories,2022-05_Ads_Basic_00014,795,39,101.32,2022-05-25
fb_retargeting_2022-05,lookalike_1pct,instagram_feed,2022-05_Ads_Basic_00015,1265,62,101.32,2022-05-06
fb_retargeting_2022-05,broad_b2b_tech,instagram_feed,2022-05_Ads_Basic_00016,1892,53,101.32,2022-05-28
fb_retargeting_2022-05,broad_b2b_tech,facebook_stories,2022-05_Ads_Basic_00019,1285,36,101.32,2022-05-06
fb_retargeting_2022-05,lookalike_1pct,facebook_stories,2022-05_Ads_Basic_00020,918,45,101.32,2022-05-04
fb_retargeting_2022-05,lookalike_1pct,instagram_feed,2022-05_Ads_Basic_00021,734,36,101.32,2022-05-08
fb_retargeting_2022-05,lookalike_1pct,instagram_feed,2022-05_Ads_Basic_00022,1102,54,101.32,2022-05-21
fb_retargeting_2022-05,lookalike_1pct,instagram_feed,2022-05_Ads_Basic_00023,918,45,101.32,2022-05-10
fb_retargeting_2022-05,lookalike_1pct,instagram_feed,2022-05_Ads_Enterprise_00000,897,44,3030.94,2022-05-27
fb_retargeting_2022-05,broad_b2b_tech,facebook_stories,2022-05_Ads_Enterprise_00001,1678,47,3030.94,2022-05-02
fb_retargeting_2022-05,lookalike_1pct,facebook_stories,2022-05_Ads_Enterprise_00004,1244,61,3030.94,2022-05-27
fb_retargeting_2022-05,broad_b2b_tech,instagram_feed,2022-05_Ads_Pro_00003,1928,54,298.98,2022-05-23
fb_retargeting_2022-05,lookalike_1pct,facebook_stories,2022-05_Ads_Pro_00004,775,38,298.98,2022-05-15
fb_retargeting_2022-05,broad_b2b_tech,instagram_feed,2022-05_Ads_Pro_00006,2035,57,298.98,2022-05-21
fb_retargeting_2022-05,broad_b2b_tech,instagram_feed,2022-05_Ads_Pro_00009,2142,60,298.98,2022-05-27
fb_retargeting_2022-05,broad_b2b_tech,instagram_feed,2022-05_Ads_Pro_00010,1999,56,298.98,2022-05-15
fb_retargeting_2022-05,lookalike_1pct,facebook_stories,2022-05_Ads_Pro_00011,897,44,298.98,2022-05-18
fb_retargeting_2022-05,broad_b2b_tech,facebook_stories,2022-05_Ads_Pro_00012,2035,57,298.98,2022-05-10
fb_retargeting_2022-06,lookalike_1pct,facebook_stories,2022-06_Ads_Basic_00001,1142,56,99.52,2022-06-07
fb_retargeting_2022-06,broad_b2b_tech,instagram_feed,2022-06_Ads_Basic_00003,1464,41,99.52,2022-06-16
fb_retargeting_2022-06,lookalike_1pct,instagram_feed,2022-06_Ads_Basic_00004,1000,49,99.52,2022-06-20
fb_retargeting_2022-06,lookalike_1pct,facebook_stories,2022-06_Ads_Basic_00005,1040,51,99.52,2022-06-19
fb_retargeting_2022-06,lookalike_1pct,instagram_feed,2022-06_Ads_Basic_00010,1183,58,99.52,2022-06-01
fb_retargeting_2022-06,broad_b2b_tech,facebook_stories,2022-06_Ads_Basic_00013,1857,52,99.52,2022-06-24
fb_retargeting_2022-06,lookalike_1pct,facebook_stories,2022-06_Ads_Basic_00015,734,36,99.52,2022-06-17
fb_retargeting_2022-06,broad_b2b_tech,instagram_feed,2022-06_Ads_Basic_00016,2249,63,99.52,2022-06-14
fb_retargeting_2022-06,broad_b2b_tech,instagram_feed,2022-06_Ads_Basic_00017,1857,52,99.52,2022-06-27
fb_retargeting_2022-06,broad_b2b_tech,instagram_feed,2022-06_Ads_Basic_00020,1571,44,99.52,2022-06-14
fb_retargeting_2022-06,lookalike_1pct,instagram_feed,2022-06_Ads_Basic_00022,938,46,99.52,2022-06-12
