google_campaign_id,campaign_name,ad_group,customer_id,impressions,clicks,spend_usd,conversion_date
cmp_g_202201_search,google_search_2022-01,ag_search_brand,2022-01_Ads_Basic_00000,303,50,97.15,2022-01-21
cmp_g_202201_search,google_search_2022-01,ag_search_brand,2022-01_Ads_Basic_00003,308,49,97.15,2022-01-01
cmp_g_202201_search,google_search_2022-01,ag_search_brand,2022-01_Ads_Basic_00004,280,46,97.15,2022-01-08
cmp_g_202201_search,google_search_2022-01,ag_search_competitor,2022-01_Ads_Basic_00005,3528,58,97.15,2022-01-05
cmp_g_202201_search,google_search_2022-01,ag_search_brand,2022-01_Ads_Basic_00006,243,39,97.15,2022-01-22
cmp_g_202201_search,google_search_2022-01,ag_search_competitor,2022-01_Ads_Basic_00010,2991,56,97.15,2022-01-03
cmp_g_202201_search,google_search_2022-01,ag_search_brand,2022-01_Ads_Basic_00013,354,50,97.15,2022-01-14
cmp_g_202201_search,google_search_2022-01,ag_search_brand,2022-01_Ads_Basic_00014,302,48,97.15,2022-01-01
cmp_g_202201_search,google_search_2022-01,ag_search_brand,2022-01_Ads_Basic_00015,356,54,97.15,2022-01-07
cmp_g_202201_search,google_search_2022-01,ag_search_brand,2022-01_Ads_Basic_00016,307,50,97.15,2022-01-17
cmp_g_202201_search,google_search_2022-01,ag_search_brand,2022-01_Ads_Basic_00017,274,42,97.15,2022-01-01
cmp_g_202201_search,google_search_2022-01,ag_search_brand,2022-01_Ads_Basic_00018,316,47,97.15,2022-01-07
cmp_g_202201_search,google_search_2022-01,ag_search_brand,2022-01_Ads_Basic_00019,310,50,97.15,2022-01-23
cmp_g_202201_search,google_search_2022-01,ag_search_brand,2022-01_Ads_Basic_00021,269,43,97.15,2022-01-14
cmp_g_202201_search,google_search_2022-01,ag_search_brand,2022-01_Ads_Basic_00022,313,46,97.15,2022-01-15
cmp_g_202201_search,google_search_2022-01,ag_search_brand,2022-01_Ads_Enterprise_00000,308,48,3087.68,2022-01-09
cmp_g_202201_search,google_search_2022-01,ag_search_brand,2022-01_Ads_Enterprise_00001,290,44,3087.68,2022-01-25
cmp_g_202201_search,google_search_2022-01,ag_search_brand,2022-01_Ads_Enterprise_00003,344,51,3087.68,2022-01-23
cmp_g_202201_search,google_search_2022-01,ag_search_brand,2022-01_Ads_Pro_00000,261,37,301.09,2022-01-11
cmp_g_202201_search,google_search_2022-01,ag_search_competitor,2022-01_Ads_Pro_00001,2804,49,301.09,2022-01-05
cmp_g_202201_search,google_search_2022-01,ag_search_brand,2022-01_Ads_Pro_00002,403,66,301.09,2022-01-31
cmp_g_202201_search,google_search_2022-01,ag_search_brand,2022-01_Ads_Pro_00004,241,39,301.09,2022-01-04
cmp_g_202201_search,google_search_2022-01,ag_search_competitor,2022-01_Ads_Pro_00005,3130,55,301.09,2022-01-13
cmp_g_202201_search,google_search_2022-01,ag_search_brand,2022-01_Ads_Pro_00009,288,47,301.09,2022-01-12
cmp_g_202201_search,google_search_2022-01,ag_search_brand,2022-01_Ads_Pro_00010,340,55,301.09,2022-01-20
cmp_g_202201_search,google_search_2022-01,ag_search_brand,2022-01_Ads_Pro_00012,358,57,301.09,2022-01-26
cmp_g_202201_search,google_search_2022-01,ag_search_brand,2022-01_Ads_Pro_00013,315,50,301.09,2022-01-24
cmp_g_202202_search,google_search_2022-02,ag_search_brand,2022-02_Ads_Basic_00000,321,50,99.31,2022-02-18
cmp_g_202202_search,google_search_2022-02,ag_search_brand,2022-02_Ads_Basic_00001,324,46,99.31,2022-02-13
cmp_g_202202_search,google_search_2022-02,ag_search_brand,2022-02_Ads_Basic_00003,350,51,99.31,2022-02-18
cmp_g_202202_search,google_search_2022-02,ag_search_brand,2022-02_Ads_Basic_00005,362,52,99.31,2022-02-27
cmp_g_202202_search,google_search_2022-02,ag_search_brand,2022-02_Ads_Basic_00006,294,48,99.31,2022-02-20
cmp_g_202202_search,google_search_2022-02,ag_search_brand,2022-02_Ads_Basic_00007,292,40,99.31,2022-02-19
cmp_g_202202_search,google_search_2022-02,ag_search_brand,2022-02_Ads_Basic_00008,369,53,99.31,2022-02-23
cmp_g_202202_search,google_search_2022-02,ag_search_brand,2022-02_Ads_Basic_00013,284,42,99.31,2022-02-02
cmp_g_202202_search,google_search_2022-02,ag_search_brand,2022-02_Ads_Basic_00015,380,52,99.31,2022-02-25
cmp_g_202202_search,google_search_2022-02,ag_search_brand,2022-02_Ads_Basic_00016,388,57,99.31,2022-02-03
cmp_g_202202_search,google_search_2022-02,ag_search_brand,2022-02_Ads_Basic_00017,353,53,99.31,2022-02-28
cmp_g_202202_search,google_search_2022-02,ag_search_brand,2022-02_Ads_Basic_00018,351,48,99.31,2022-02-13
cmp_g_202202_search,google_search_2022-02,ag_search_brand,2022-02_Ads_Basic_00019,279,45,99.31,2022-02-15
cmp_g_202202_search,google_search_2022-02,ag_search_brand,2022-02_Ads_Basic_00020,333,46,99.31,2022-02-27
cmp_g_202202_search,google_search_2022-02,ag_search_competitor,2022-02_Ads_Basic_00022,2494,44,99.31,2022-02-06
cmp_g_202202_search,google_search_2022-02,ag_search_brand,2022-02_Ads_Enterprise_00000,397,56,3038.0,2022-02-12
cmp_g_202202_search,google_search_2022-02,ag_search_competitor,2022-02_Ads_Enterprise_00001,2820,51,3038.0,2022-02-22
cmp_g_202202_search,google_search_2022-02,ag_search_brand,2022-02_Ads_Enterprise_00002,308,46,3038.0,2022-02-23
cmp_g_202202_search,google_search_2022-02,ag_search_competitor,2022-02_Ads_Pro_00000,2840,49,302.99,2022-02-03
cmp_g_202202_search,google_search_2022-02,ag_search_brand,2022-02_Ads_Pro_00003,305,43,302.99,2022-02-21
cmp_g_202202_search,google_search_2022-02,ag_search_brand,2022-02_Ads_Pro_00004,340,54,302.99,2022-02-18
cmp_g_202202_search,google_search_2022-02,ag_search_brand,2022-02_Ads_Pro_00009,336,53,302.99,2022-02-06
cmp_g_202202_search,google_search_2022-02,ag_search_brand,2022-02_Ads_Pro_00010,402,55,302.99,2022-02-13
cmp_g_202202_search,google_search_2022-02,ag_search_brand,2022-02_Ads_Pro_00011,407,58,302.99,2022-02-21
cmp_g_202202_search,google_search_2022-02,ag_search_brand,2022-02_Ads_Pro_00014,377,60,302.99,2022-02-08
cmp_g_202203_search,google_search_2022-03,ag_search_brand,2022-03_Ads_Basic_00000,323,52,101.75,2022-03-27
cmp_g_202203_search,google_search_2022-03,ag_search_competitor,2022-03_Ads_Basic_00001,2573,44,101.75,2022-03-08
cmp_g_202203_search,google_search_2022-03,ag_search_brand,2022-03_Ads_Basic_00002,357,53,101.75,2022-03-26
cmp_g_202203_search,google_search_2022-03,ag_search_brand,2022-03_Ads_Basic_00006,263,42,101.75,2022-03-13
cmp_g_202203_search,google_search_2022-03,ag_search_brand,2022-03_Ads_Basic_00007,309,46,101.75,2022-03-03
cmp_g_202203_search,google_search_2022-03,ag_search_brand,2022-03_Ads_Basic_00010,324,47,101.75,2022-03-30
cmp_g_202203_search,google_search_2022-03,ag_search_brand,2022-03_Ads_Basic_00012,358,56,101.75,2022-03-29
cmp_g_202203_search,google_search_2022-03,ag_search_brand,2022-03_Ads_Basic_00013,293,46,101.75,2022-03-07
cmp_g_202203_search,google_search_2022-03,ag_search_competitor,2022-03_Ads_Basic_00014,2843,53,101.75,2022-03-16
cmp_g_202203_search,google_search_2022-03,ag_search_brand,2022-03_Ads_Basic_00015,296,45,101.75,2022-03-29
cmp_g_202203_search,google_search_2022-03,ag_search_brand,2022-03_Ads_Basic_00016,252,40,101.75,2022-03-15
cmp_g_202203_search,google_search_2022-03,ag_search_brand,2022-03_Ads_Basic_00017,282,44,101.75,2022-03-09
cmp_g_202203_search,google_search_2022-03,ag_search_competitor,2022-03_Ads_Basic_00019,2998,51,101.75,2022-03-08
cmp_g_202203_search,google_search_2022-03,ag_search_brand,2022-03_Ads_Basic_00020,291,47,101.75,2022-03-18
cmp_g_202203_search,google_search_2022-03,ag_search_brand,2022-03_Ads_Basic_00022,313,45,101.75,2022-03-24
cmp_g_202203_search,google_search_2022-03,ag_search_brand,2022-03_Ads_Basic_00023,232,37,101.75,2022-03-14
cmp_g_202203_search,google_search_2022-03,ag_search_brand,2022-03_Ads_Enterprise_00000,353,49,3016.27,2022-03-13
cmp_g_202203_search,google_search_2022-03,ag_search_brand,2022-03_Ads_Enterprise_00001,342,56,3016.27,2022-03-08
cmp_g_202203_search,google_search_2022-03,ag_search_competitor,2022-03_Ads_Enterprise_00002,2782,49,3016.27,2022-03-17
cmp_g_202203_search,google_search_2022-03,ag_search_brand,2022-03_Ads_Enterprise_00003,284,46,3016.27,2022-03-03
cmp_g_202203_search,google_search_2022-03,ag_search_brand,2022-03_Ads_Pro_00004,352,56,308.72,2022-03-28
cmp_g_202203_search,google_search_2022-03,ag_search_brand,2022-03_Ads_Pro_00006,326,51,308.72,2022-03-05
cmp_g_202203_search,google_search_2022-03,ag_search_brand,2022-03_Ads_Pro_00009,392,54,308.72,2022-03-06
cmp_g_202203_search,google_search_2022-03,ag_search_brand,2022-03_Ads_Pro_00010,248,40,308.72,2022-03-20
cmp_g_202203_search,google_search_2022-03,ag_search_brand,2022-03_Ads_Pro_00011,273,45,308.72,2022-03-13
cmp_g_202203_search,google_search_2022-03,ag_search_brand,2022-03_Ads_Pro_00012,339,52,308.72,2022-03-20
cmp_g_202203_search,google_search_2022-03,ag_search_brand,2022-03_Ads_Pro_00015,261,42,308.72,2022-03-17
cmp_g_202204_search,google_search_2022-04,ag_search_brand,2022-04_Ads_Basic_00000,411,59,102.45,2022-04-18
cmp_g_202204_search,google_search_2022-04,ag_search_brand,2022-04_Ads_Basic_00001,287,44,102.45,2022-04-22
cmp_g_202204_search,google_search_2022-04,ag_search_brand,2022-04_Ads_Basic_00002,312,46,102.45,2022-04-22
cmp_g_202204_search,google_search_2022-04,ag_search_brand,2022-04_Ads_Basic_00003,363,58,102.45,2022-04-25
cmp_g_202204_search,google_search_2022-04,ag_search_brand,2022-04_Ads_Basic_00004,298,48,102.45,2022-04-25
cmp_g_202204_search,google_search_2022-04,ag_search_competitor,2022-04_Ads_Basic_00006,2654,45,102.45,2022-04-11
cmp_g_202204_search,google_search_2022-04,ag_search_brand,2022-04_Ads_Basic_00007,388,63,102.45,2022-04-10
cmp_g_202204_search,google_search_2022-04,ag_search_brand,2022-04_Ads_Basic_00009,315,48,102.45,2022-04-06
cmp_g_202204_search,google_search_2022-04,ag_search_competitor,2022-04_Ads_Basic_00012,2379,40,102.45,2022-04-01
cmp_g_202204_search,google_search_2022-04,ag_search_brand,2022-04_Ads_Basic_00013,330,48,102.45,2022-04-17
cmp_g_202204_search,google_search_2022-04,ag_search_brand,2022-04_Ads_Basic_00014,313,46,102.45,2022-04-17
cmp_g_202204_search,google_search_2022-04,ag_search_brand,2022-04_Ads_Basic_00015,323,46,102.45,2022-04-28
cmp_g_202204_search,google_search_2022-04,ag_search_brand,2022-04_Ads_Basic_00016,338,49,102.45,2022-04-10
cmp_g_202204_search,google_search_2022-04,ag_search_brand,2022-04_Ads_Basic_00018,297,44,102.45,2022-04-17
cmp_g_202204_search,google_search_2022-04,ag_search_brand,2022-04_Ads_Basic_00019,296,43,102.45,2022-04-07
cmp_g_202204_search,google_search_2022-04,ag_search_brand,2022-04_Ads_Basic_00020,491,69,102.45,2022-04-12
cmp_g_202204_search,google_search_2022-04,ag_search_competitor,2022-04_Ads_Basic_00022,2495,48,102.45,2022-04-18
cmp_g_202204_search,google_search_2022-04,ag_search_brand,2022-04_Ads_Basic_00023,332,47,102.45,2022-04-30
cmp_g_202204_search,google_search_2022-04,ag_search_brand,2022-04_Ads_Basic_00024,323,49,102.45,2022-04-20
cmp_g_202204_search,google_search_2022-04,ag_search_brand,2022-04_Ads_Enterprise_00000,344,51,3035.39,2022-04-16
cmp_g_202204_search,google_search_2022-04,ag_search_brand,2022-04_Ads_Enterprise_00003,331,52,3035.39,2022-04-04
