referral_id,customer_id,affiliate_id,referral_link_used,commission_amount_usd,conversion_timestamp
ref_00000,2022-01_Referral_Basic_00000,aff_720,https://myapp.com?via=aff_720,80.75,2022-01-17 19:39:23
ref_00001,2022-01_Referral_Basic_00001,aff_395,https://myapp.com?via=aff_395,80.75,2022-01-19 21:02:38
ref_00002,2022-01_Referral_Basic_00002,aff_952,https://myapp.com?via=aff_952,80.75,2022-01-20 23:19:10
ref_00003,2022-01_Referral_Basic_00003,aff_885,https://myapp.com?via=aff_885,80.75,2022-01-18 11:05:14
ref_00004,2022-01_Referral_Basic_00004,aff_505,https://myapp.com?via=aff_505,80.75,2022-01-09 00:02:24
ref_00005,2022-01_Referral_Basic_00005,aff_907,https://myapp.com?via=aff_907,80.75,2022-01-02 05:19:04
ref_00006,2022-01_Referral_Basic_00006,aff_874,https://myapp.com?via=aff_874,80.75,2022-01-13 21:06:33
ref_00007,2022-01_Referral_Basic_00007,aff_684,https://myapp.com?via=aff_684,80.75,2022-01-30 01:16:20
ref_00008,2022-01_Referral_Basic_00008,aff_710,https://myapp.com?via=aff_710,80.75,2022-01-21 13:19:04
ref_00000,2022-01_Referral_Enterprise_00000,aff_453,https://myapp.com?via=aff_453,2443.92,2022-01-10 01:45:53
ref_00001,2022-01_Referral_Enterprise_00001,aff_235,https://myapp.com?via=aff_235,2443.92,2022-01-22 23:26:19
ref_00000,2022-01_Referral_Pro_00000,aff_639,https://myapp.com?via=aff_639,236.94,2022-01-04 20:35:44
ref_00001,2022-01_Referral_Pro_00001,aff_118,https://myapp.com?via=aff_118,236.94,2022-01-19 22:28:56
ref_00002,2022-01_Referral_Pro_00002,aff_914,https://myapp.com?via=aff_914,236.94,2022-01-06 00:01:56
ref_00003,2022-01_Referral_Pro_00003,aff_576,https://myapp.com?via=aff_576,236.94,2022-01-25 18:05:48
ref_00004,2022-01_Referral_Pro_00004,aff_152,https://myapp.com?via=aff_152,236.94,2022-01-16 07:03:47
ref_00005,2022-01_Referral_Pro_00005,aff_192,https://myapp.com?via=aff_192,236.94,2022-01-18 18:18:44
ref_00000,2022-02_Referral_Basic_00000,aff_120,https://myapp.com?via=aff_120,77.8,2022-02-11 08:22:04
ref_00001,2022-02_Referral_Basic_00001,aff_325,https://myapp.com?via=aff_325,77.8,2022-02-06 21:06:49
ref_00002,2022-02_Referral_Basic_00002,aff_496,https://myapp.com?via=aff_496,77.8,2022-02-07 07:23:06
ref_00003,2022-02_Referral_Basic_00003,aff_559,https://myapp.com?via=aff_559,77.8,2022-02-26 16:55:40
ref_00004,2022-02_Referral_Basic_00004,aff_244,https://myapp.com?via=aff_244,77.8,2022-02-02 12:35:06
ref_00005,2022-02_Referral_Basic_00005,aff_692,https://myapp.com?via=aff_692,77.8,2022-02-19 17:57:22
ref_00006,2022-02_Referral_Basic_00006,aff_339,https://myapp.com?via=aff_339,77.8,2022-02-05 12:52:03
ref_00007,2022-02_Referral_Basic_00007,aff_203,https://myapp.com?via=aff_203,77.8,2022-02-18 11:11:55
ref_00008,2022-02_Referral_Basic_00008,aff_958,https://myapp.com?via=aff_958,77.8,2022-02-23 05:15:01
ref_00000,2022-02_Referral_Enterprise_00000,aff_702,https://myapp.com?via=aff_702,2329.43,2022-02-23 16:20:34
ref_00001,2022-02_Referral_Enterprise_00001,aff_906,https://myapp.com?via=aff_906,2329.43,2022-02-21 03:47:05
ref_00000,2022-02_Referral_Pro_00000,aff_482,https://myapp.com?via=aff_482,235.91,2022-02-08 05:13:21
ref_00001,2022-02_Referral_Pro_00001,aff_243,https://myapp.com?via=aff_243,235.91,2022-02-08 09:03:02
ref_00002,2022-02_Referral_Pro_00002,aff_632,https://myapp.com?via=aff_632,235.91,2022-02-23 13:00:56
ref_00003,2022-02_Referral_Pro_00003,aff_621,https://myapp.com?via=aff_621,235.91,2022-02-25 20:24:39
ref_00004,2022-02_Referral_Pro_00004,aff_889,https://myapp.com?via=aff_889,235.91,2022-02-26 09:28:05
ref_00005,2022-02_Referral_Pro_00005,aff_411,https://myapp.com?via=aff_411,235.91,2022-02-21 00:37:57
ref_00000,2022-03_Referral_Basic_00000,aff_532,https://myapp.com?via=aff_532,77.98,2022-03-25 02:52:31
ref_00001,2022-03_Referral_Basic_00001,aff_381,https://myapp.com?via=aff_381,77.98,2022-03-06 17:42:10
ref_00002,2022-03_Referral_Basic_00002,aff_199,https://myapp.com?via=aff_199,77.98,2022-03-06 04:59:34
ref_00003,2022-03_Referral_Basic_00003,aff_190,https://myapp.com?via=aff_190,77.98,2022-03-05 04:04:50
ref_00004,2022-03_Referral_Basic_00004,aff_408,https://myapp.com?via=aff_408,77.98,2022-03-24 11:52:16
ref_00005,2022-03_Referral_Basic_00005,aff_417,https://myapp.com?via=aff_417,77.98,2022-03-21 09:53:13
ref_00006,2022-03_Referral_Basic_00006,aff_870,https://myapp.com?via=aff_870,77.98,2022-03-21 18:43:26
ref_00007,2022-03_Referral_Basic_00007,aff_249,https://myapp.com?via=aff_249,77.98,2022-03-12 00:33:36
ref_00008,2022-03_Referral_Basic_00008,aff_874,https://myapp.com?via=aff_874,77.98,2022-03-22 10:52:26
ref_00009,2022-03_Referral_Basic_00009,aff_118,https://myapp.com?via=aff_118,77.98,2022-03-14 02:39:52
ref_00000,2022-03_Referral_Enterprise_00000,aff_498,https://myapp.com?via=aff_498,2352.95,2022-03-22 02:34:06
ref_00001,2022-03_Referral_Enterprise_00001,aff_195,https://myapp.com?via=aff_195,2352.95,2022-03-27 19:26:39
ref_00000,2022-03_Referral_Pro_00000,aff_606,https://myapp.com?via=aff_606,240.96,2022-03-29 00:07:42
ref_00001,2022-03_Referral_Pro_00001,aff_593,https://myapp.com?via=aff_593,240.96,2022-03-04 08:59:08
ref_00002,2022-03_Referral_Pro_00002,aff_966,https://myapp.com?via=aff_966,240.96,2022-03-16 21:08:15
ref_00003,2022-03_Referral_Pro_00003,aff_337,https://myapp.com?via=aff_337,240.96,2022-03-24 17:49:49
ref_00004,2022-03_Referral_Pro_00004,aff_749,https://myapp.com?via=aff_749,240.96,2022-03-01 22:34:02
ref_00005,2022-03_Referral_Pro_00005,aff_197,https://myapp.com?via=aff_197,240.96,2022-03-21 12:11:30
ref_00006,2022-03_Referral_Pro_00006,aff_749,https://myapp.com?via=aff_749,240.96,2022-03-23 11:03:04
ref_00000,2022-04_Referral_Basic_00000,aff_110,https://myapp.com?via=aff_110,80.67,2022-04-26 14:20:10
ref_00001,2022-04_Referral_Basic_00001,aff_986,https://myapp.com?via=aff_986,80.67,2022-04-15 06:55:42
ref_00002,2022-04_Referral_Basic_00002,aff_158,https://myapp.com?via=aff_158,80.67,2022-04-16 06:15:36
ref_00003,2022-04_Referral_Basic_00003,aff_349,https://myapp.com?via=aff_349,80.67,2022-04-10 01:26:46
ref_00004,2022-04_Referral_Basic_00004,aff_791,https://myapp.com?via=aff_791,80.67,2022-04-21 06:28:53
ref_00005,2022-04_Referral_Basic_00005,aff_109,https://myapp.com?via=aff_109,80.67,2022-04-26 10:51:46
ref_00006,2022-04_Referral_Basic_00006,aff_120,https://myapp.com?via=aff_120,80.67,2022-04-10 11:02:46
ref_00007,2022-04_Referral_Basic_00007,aff_177,https://myapp.com?via=aff_177,80.67,2022-04-04 05:45:36
ref_00008,2022-04_Referral_Basic_00008,aff_450,https://myapp.com?via=aff_450,80.67,2022-04-15 20:14:04
ref_00009,2022-04_Referral_Basic_00009,aff_993,https://myapp.com?via=aff_993,80.67,2022-04-14 23:18:07
ref_00010,2022-04_Referral_Basic_00010,aff_874,https://myapp.com?via=aff_874,80.67,2022-04-07 23:53:02
ref_00000,2022-04_Referral_Enterprise_00000,aff_509,https://myapp.com?via=aff_509,2347.84,2022-04-10 07:16:52
ref_00001,2022-04_Referral_Enterprise_00001,aff_445,https://myapp.com?via=aff_445,2347.84,2022-04-03 09:58:19
ref_00000,2022-04_Referral_Pro_00000,aff_186,https://myapp.com?via=aff_186,235.52,2022-04-12 01:11:17
ref_00001,2022-04_Referral_Pro_00001,aff_116,https://myapp.com?via=aff_116,235.52,2022-04-06 21:50:54
ref_00002,2022-04_Referral_Pro_00002,aff_184,https://myapp.com?via=aff_184,235.52,2022-04-09 08:41:43
ref_00003,2022-04_Referral_Pro_00003,aff_641,https://myapp.com?via=aff_641,235.52,2022-04-30 05:48:21
ref_00004,2022-04_Referral_Pro_00004,aff_992,https://myapp.com?via=aff_992,235.52,2022-04-14 19:31:13
ref_00005,2022-04_Referral_Pro_00005,aff_568,https://myapp.com?via=aff_568,235.52,2022-04-14 15:34:40
ref_00006,2022-04_Referral_Pro_00006,aff_492,https://myapp.com?via=aff_492,235.52,2022-04-15 12:34:10
ref_00000,2022-05_Referral_Basic_00000,aff_724,https://myapp.com?via=aff_724,78.47,2022-05-10 14:32:27
ref_00001,2022-05_Referral_Basic_00001,aff_890,https://myapp.com?via=aff_890,78.47,2022-05-31 18:15:44
ref_00002,2022-05_Referral_Basic_00002,aff_491,https://myapp.com?via=aff_491,78.47,2022-05-22 07:19:37
ref_00003,2022-05_Referral_Basic_00003,aff_881,https://myapp.com?via=aff_881,78.47,2022-05-08 07:30:39
ref_00004,2022-05_Referral_Basic_00004,aff_682,https://myapp.com?via=aff_682,78.47,2022-05-05 01:15:58
ref_00005,2022-05_Referral_Basic_00005,aff_861,https://myapp.com?via=aff_861,78.47,2022-05-10 19:02:20
ref_00006,2022-05_Referral_Basic_00006,aff_619,https://myapp.com?via=aff_619,78.47,2022-05-04 14:47:53
ref_00007,2022-05_Referral_Basic_00007,aff_295,https://myapp.com?via=aff_295,78.47,2022-05-27 12:54:47
ref_00008,2022-05_Referral_Basic_00008,aff_692,https://myapp.com?via=aff_692,78.47,2022-05-03 21:12:07
ref_00009,2022-05_Referral_Basic_00009,aff_101,https://myapp.com?via=aff_101,78.47,2022-05-22 21:43:05
ref_00010,2022-05_Referral_Basic_00010,aff_583,https://myapp.com?via=aff_583,78.47,2022-05-23 19:07:10
ref_00000,2022-05_Referral_Enterprise_00000,aff_168,https://myapp.com?via=aff_168,2450.53,2022-05-31 01:12:35
ref_00001,2022-05_Referral_Enterprise_00001,aff_489,https://myapp.com?via=aff_489,2450.53,2022-05-25 11:04:47
ref_00000,2022-05_Referral_Pro_00000,aff_580,https://myapp.com?via=aff_580,243.67,2022-05-04 18:45:23
ref_00001,2022-05_Referral_Pro_00001,aff_902,https://myapp.com?via=aff_902,243.67,2022-05-29 02:04:10
ref_00002,2022-05_Referral_Pro_00002,aff_587,https://myapp.com?via=aff_587,243.67,2022-05-21 05:57:23
ref_00003,2022-05_Referral_Pro_00003,aff_736,https://myapp.com?via=aff_736,243.67,2022-05-23 08:19:00
ref_00004,2022-05_Referral_Pro_00004,aff_918,https://myapp.com?via=aff_918,243.67,2022-05-05 09:42:15
ref_00005,2022-05_Referral_Pro_00005,aff_651,https://myapp.com?via=aff_651,243.67,2022-05-13 16:48:17
ref_00006,2022-05_Referral_Pro_00006,aff_191,https://myapp.com?via=aff_191,243.67,2022-05-25 08:25:05
ref_00000,2022-06_Referral_Basic_00000,aff_386,https://myapp.com?via=aff_386,82.0,2022-06-10 14:07:51
ref_00001,2022-06_Referral_Basic_00001,aff_890,https://myapp.com?via=aff_890,82.0,2022-06-06 12:09:18
ref_00002,2022-06_Referral_Basic_00002,aff_929,https://myapp.com?via=aff_929,82.0,2022-06-01 18:30:06
ref_00003,2022-06_Referral_Basic_00003,aff_343,https://myapp.com?via=aff_343,82.0,2022-06-17 06:23:56
ref_00004,2022-06_Referral_Basic_00004,aff_747,https://myapp.com?via=aff_747,82.0,2022-06-05 09:38:28
ref_00005,2022-06_Referral_Basic_00005,aff_520,https://myapp.com?via=aff_520,82.0,2022-06-07 22:43:39
ref_00006,2022-06_Referral_Basic_00006,aff_542,https://myapp.com?via=aff_542,82.0,2022-06-27 20:47:56
