id,customer_id,plan_tier,status,created,canceled_at
sub_000001,cus_000001,Basic,canceled,2022-01-07,2022-01-31
sub_000002,cus_000002,Basic,canceled,2022-01-25,2022-01-31
sub_000003,cus_000003,Basic,canceled,2022-01-15,2022-01-31
sub_000004,cus_000004,Basic,canceled,2022-01-13,2022-01-31
sub_000005,cus_000005,Basic,canceled,2022-01-11,2022-02-28
sub_000006,cus_000006,Basic,canceled,2022-01-23,2022-03-31
sub_000007,cus_000007,Basic,canceled,2022-01-23,2022-05-31
sub_000008,cus_000008,Basic,canceled,2022-01-18,2022-07-31
sub_000009,cus_000009,Basic,canceled,2022-01-22,2022-11-30
sub_000010,cus_000010,Basic,canceled,2022-01-12,2023-04-30
sub_000011,cus_000011,Basic,canceled,2022-01-01,2023-08-31
sub_000012,cus_000012,Basic,canceled,2022-01-20,2024-06-30
sub_000013,cus_000013,Basic,active,2022-01-19,
sub_000014,cus_000014,Basic,active,2022-01-01,
sub_000015,cus_000015,Basic,active,2022-01-25,
sub_000016,cus_000016,Basic,active,2022-01-27,
sub_000017,cus_000017,Basic,active,2022-01-12,
sub_000018,cus_000018,Basic,active,2022-01-23,
sub_000019,cus_000019,Basic,active,2022-01-27,
sub_000020,cus_000020,Basic,active,2022-01-04,
sub_000021,cus_000021,Basic,active,2022-01-19,
sub_000022,cus_000022,Basic,active,2022-01-05,
sub_000023,cus_000023,Basic,active,2022-01-15,
sub_000024,cus_000024,Enterprise,canceled,2022-01-06,2022-04-30
sub_000025,cus_000025,Enterprise,canceled,2022-01-24,2025-02-28
sub_000026,cus_000026,Enterprise,active,2022-01-13,
sub_000027,cus_000027,Enterprise,active,2022-01-05,
sub_000028,cus_000028,Pro,canceled,2022-01-04,2022-01-31
sub_000029,cus_000029,Pro,canceled,2022-01-28,2022-02-28
sub_000030,cus_000030,Pro,canceled,2022-01-13,2022-04-30
sub_000031,cus_000031,Pro,canceled,2022-01-18,2022-07-31
sub_000032,cus_000032,Pro,canceled,2022-01-27,2023-02-28
sub_000033,cus_000033,Pro,canceled,2022-01-12,2023-10-31
sub_000034,cus_000034,Pro,active,2022-01-23,
sub_000035,cus_000035,Pro,active,2022-01-13,
sub_000036,cus_000036,Pro,active,2022-01-05,
sub_000037,cus_000037,Pro,active,2022-01-17,
sub_000038,cus_000038,Pro,active,2022-01-01,
sub_000039,cus_000039,Pro,active,2022-01-01,
sub_000040,cus_000040,Pro,active,2022-01-05,
sub_000041,cus_000041,Pro,active,2022-01-19,
sub_000042,cus_000042,Basic,canceled,2022-01-19,2022-01-31
sub_000043,cus_000043,Basic,canceled,2022-01-02,2022-02-28
sub_000044,cus_000044,Basic,canceled,2022-01-22,2022-03-31
sub_000045,cus_000045,Basic,canceled,2022-01-05,2024-06-30
sub_000046,cus_000046,Basic,active,2022-01-24,
sub_000047,cus_000047,Basic,active,2022-01-11,
sub_000048,cus_000048,Basic,active,2022-01-01,
sub_000049,cus_000049,Basic,active,2022-01-22,
